Client Name,FOREST CAR COMPANY LTD
Account Number,20-25-19 30470120
Statement Date,N/A
Available balance,"£60,158.32"
Last night's balance,"£57,303.64"
Overdraft limit,£0.00
Showing transactions,642
Transactions period,01/07/2025 to 29/08/2025

source_file,account,subcategory,date,description,money_in,money_out,amount,balance
BANK STATEMENT 2 - 01.06.25 TO 31.08.25.pdf,20-25-19 30470120,Transfer,08 MCDONALDS 992,"-£8.79 £50,687.44 /2025 ON 26 AUG CPM Counter Credit 27/08 BCARD1741779260825 BGC £578.00 £50,696.23 /2025 BCARD1741779260825 B GC Funds Transfer 27/08 CROWN CARS -£1,489.00 £50,118.23 /2025 INVOICE FT 27/08 Funds Transfer -£1,807.00 £51,607.23 /2025 URBAN AUTO INVOICE 33 FT Funds Transfer 26/08 BRITISH CAR AUCTIO -£2,033.80 £53,414.23 /2025 BE1378217 FT Funds Transfer 26/08 BRITISH CAR AUCTIO -£1,808.80 £55,448.03 /2025 EN1260546 FT Funds Transfer 26/08 BRITISH CAR AUCTIO -£1,601.80 £57,256.83 /2025 BE1378125 FT Funds Transfer 26/08 REDCORN LTD -£865.00 £58,858.63 /2025 CAR FT Funds Transfer 26/08 BRITISH CAR AUCTIO -£2,393.80 £59,723.63 /2025 BE1377912 FT Debit 26/08 ZETTLE_*TROTT WHIN",,11.00,-11.00,62117.43
BANK STATEMENT 2 - 01.06.25 TO 31.08.25.pdf,20-25-19 30470120,Other,08 MCDONALDS 992,"-£8.69 £62,137.51 /2025 ON 25 AUG CPM Debit 26/08 Mr and Mrs Olive U -£31.00 £62,146.20 /2025 ON 25 AUG CPM Debit 26/08 Manor Nights Ltd -£10.00 £62,177.20 /2025 ON 25 AUG CPM Debit 26/08 Manor Nights Ltd -£1.50 £62,187.20 /2025 ON 25 AUG CPM Counter Credit 26/08 BCARD1741779250825 BGC £850.00 £62,188.70 /2025 BCARD1741779250825 B GC Counter Credit 26/08 BCARD1741779230825 BGC",15285.00,,15285.00,61338.70
BANK STATEMENT 2 - 01.06.25 TO 31.08.25.pdf,20-25-19 30470120,Groceries,25 BGC 26,"/08 /2025 BCARD1741779220825 B £289.00 £46,053.70 GC Funds Transfer 26/08 TROISI A £1,325.00 £45,764.70 /2025 AO64 NKC FT Funds Transfer 26/08 BRITISH CAR AUCTIO -£1,423.80 £44,439.70 /2025 PW839723 FT Counter Credit 26/08 SCOTT BARNES-CRAWF £289.00 £45,863.50 /2025 BX59 UEP BGC Debit 26/08 WEST HERTS GOLF CL -£188.00 £45,574.50 /2025 ON 24 AUG CPM Debit 26/08 WEST HERTS GOLF CL -£33.90 £45,762.50 /2025 ON 24 AUG CPM Debit 26/08 WEST HERTS GOLF CL -£13.25 £45,796.40 /2025 ON 24 AUG CPM Debit 26/08 WWW.AMAZON.* RU7NB -£15.19 £45,809.65 /2025 ON 23 AUG BDC Debit 26/08 eBay O*25-13467-14 -£21.00 £45,824.84 /2025 ON 23 AUG BDC Debit 26/08 SKELTON LAKE SERVI -£80.94 £45,845.84 /2025 ON 23 AUG CPM Debit 26/08 CHOPSTIX PETERBORO -£9.69 £45,926.78 /2025 ON 23 AUG CPM Debit 26/08 WB RAMADA LEEDS -£88.99 £45,936.47 /2025 ON 22 AUG BDC Debit 26/08 DNA KIDS LTD -£184.00 £46,025.46 /2025 ON 22 AUG BDC Debit 26/08 DART CHARGE AUTO T -£6.00 £46,209.46 /2025 ON 22 AUG BDC Debit 26/08 eBay O*07-13486-15 -£87.95 £46,215.46 /2025 ON 22 AUG BDC Debit 26/08 /2025 eBay O*07-13486-15 -£16.88 £46,303.41 ON 22 AUG BDC Debit 26/08 eBay O*05-13489-59 -£25.99 £46,320.29 /2025 ON 22 AUG BDC Debit 26/08 SHELL EPPING 21 -£11.18 £46,346.28 /2025 ON 22 AUG CPM Debit 26/08 SHELL EPPING 21 -£4.35 £46,357.46 /2025 ON 22 AUG CPM Debit 26/08 SAINSBURYS PETROL -£14.00 £46,361.81 /2025 ON 22 AUG CPM Counter Credit 22/08 ZUTO CARS £4,050.00 £46,375.81 /2025 GV15JJL BGC Funds Transfer 22/08 BRITISH CAR AUCTIO -£1,230.80 £42,325.81 /2025 EN1259947 FT Funds Transfer 22/08 BRITISH CAR AUCTIO -£22,883.80 £43,556.61 /2025 LD449526 FT Counter Credit 22/08 E Johnson £4,489.00 £66,440.41 /2025 VK76 GZF BGC Debit 22/08 WWW.GOV.UK/PAY-DAR -£2.50 £61,951.41 /2025 ON 21 AUG BDC Debit 22/08 eBay O*27-13454-70 -£98.97 £61,953.91 /2025 ON 21 AUG BDC Debit 22/08 eBay O*23-13460-67 -£49.99 £62,052.88 /2025 ON 21 AUG BDC Debit 22/08 eBay O*23-13460-39 -£25.17 £62,102.87 /2025 ON 21 AUG BDC Debit 22/08 eBay O*23-13460-39 -£16.84 £62,128.04 /2025 ON 21 AUG BDC Debit 22/08 eBay O*08-13481-36 -£10.50 £62,144.88 /2025 ON 21 AUG BDC Debit 22/08 /2025 eBay O*08-13481-08 -£15.88 £62,155.38 ON 21 AUG BDC Debit 22/08 amazon.co.uk*RU50X -£81.60 £62,171.26 /2025 ON 21 AUG BDC Debit 22/08 SAINSBURYS PETROL -£10.00 £62,252.86 /2025 ON 21 AUG CPM Debit 22/08 PIYA BAR & KITCHEN -£47.25 £62,262.86 /2025 ON 21 AUG CPM Debit 22/08 GROUP COMPONENTS -£20.00 £62,310.11 /2025 ON 21 AUG CPM Counter Credit 22/08 BCARD1741779210825 BGC £578.00 £62,330.11 /2025 BCARD1741779210825 B GC Funds Transfer 22/08 G SCHILLACI J S MO -£823.02 £61,752.11 /2025 MOTS FT Funds Transfer 22/08 URBAN AUTO",,2137.55,-2137.55,62575.13
BANK STATEMENT 2 - 01.06.25 TO 31.08.25.pdf,20-25-19 30470120,Transfer,25 INVOICE 32,"FT Debit 21/08 PARK JOHN ADAMS WA -£105.81 £64,712.68 /2025 ON 20 AUG CPM Counter Credit 21/08 BCARD1741779200825 BGC £3,419.00 £64,818.49 /2025 BCARD1741779200825 B GC Direct Debit 21/08 TAKEPAYMENTS LTD -£30.00 £61,399.49 /2025 TPAY309245 0053273 DD R Funds Transfer 21/08 BRIAN HARE -£80.00 £61,429.49 /2025 DINNER FT Funds Transfer 21/08 WARRANTY SOLUTIONS -£144.00 £61,509.49 /2025 INVOICE FT Funds Transfer 21/08 WARRANTY SOLUTIONS -£294.00 £61,653.49 /2025 INVOICE FT Funds Transfer 20/08 BRITISH CAR AUCTIO -£1,055.80 £61,947.49 /2025 PW839007 FT Funds Transfer 20/08 BRITISH CAR AUCTIO -£2,598.80 £63,003.29 /2025 PW838961 FT Funds Transfer 20/08 BRITISH CAR AUCTIO -£2,443.80 £65,602.09 /2025 EN1259490 FT Funds Transfer 20/08 BRITISH CAR AUCTIO -£2,112.80 £68,045.89 /2025 EN1259486 FT Funds Transfer 20/08 BRITISH CAR AUCTIO -£1,205.80 £70,158.69 /2025 EN1259478 FT Counter Credit 20/08 J Dyer £2,300.00 £71,364.49 /2025 H362 DKH BGC Credit 20/08 eBay O*02-13457-09 £16.19 £69,064.49 /2025 ON 13 AUG BDC Debit 20/08 YSS TYRES -£180.00 £69,048.30 /2025 ON 19 AUG BDC Debit 20/08 eBay O*26-13447-41 -£16.99 £69,228.30 /2025 ON 19 AUG BDC Debit 20/08 eBay O*26-13447-41 -£12.99 £69,245.29 /2025 ON 19 AUG BDC Debit 20/08 eBay O*23-13451-47 -£35.00 £69,258.28 /2025 ON 19 AUG BDC Debit 20/08 eBay O*19-13456-90 -£64.99 £69,293.28 /2025 ON 19 AUG BDC Debit 20/08 eBay O*03-13480-31 -£12.32 £69,358.27 /2025 ON 19 AUG BDC Debit 20/08 Zettle_*The Beehiv -£4.30 £69,370.59 /2025 ON 19 AUG CPM Debit 20/08 NYX*PleasureBeachA",,10.00,-10.00,69374.89
BANK STATEMENT 2 - 01.06.25 TO 31.08.25.pdf,20-25-19 30470120,Transfer,08 MCDONALDS 1301,"-£23.45 £69,384.89 /2025 ON 19 AUG CPM Debit 20/08 KFC SKEGNESS -£61.45 £69,408.34 /2025 ON 19 AUG CPM Debit 20/08 Addlethorpe Golf C -£8.00 £69,469.79 /2025 ON 19 AUG CPM Debit 20/08 Addlethorpe Golf C -£7.80 £69,477.79 /2025 ON 19 AUG CPM Counter Credit 20/08 BCARD1741779190825 BGC £6,400.00 £69,485.59 /2025 BCARD1741779190825 B GC Counter Credit 19/08 J Dyer £400.00 £63,085.59 /2025 h362 dkh BGC Counter Credit 19/08 CAERUS CAP LTD £3,589.00 £62,685.59 /2025 AJ17EYO BGC Debit 19/08 SHELL EPPING 21 -£116.66 £59,096.59 /2025 ON 18 AUG BDC Debit 19/08 NAPA AUTO PARTS - -£410.90 £59,213.25 /2025 ON 18 AUG BDC Debit 19/08 SumUp *Cinnamon Tw -£3.35 £59,624.15 /2025 ON 18 AUG CPM Debit 19/08 Russells of Picker -£20.00 £59,627.50 /2025 ON 18 AUG CPM Debit 19/08 NYX*FlamingoLandLt -£4.00 £59,647.50 /2025 ON 18 AUG CPM Debit 19/08 KidsPass -£84.00 £59,651.50 /2025 ON 18 AUG CPM Debit 19/08 DAD Fruits and Exo -£3.35 £59,735.50 /2025 ON 18 AUG CPM Debit 19/08 COSTA COFFEE PICKE -£13.60 £59,738.85 /2025 ON 18 AUG CPM Debit 19/08 /2025 AROMA RESTAURANT -£130.00 £59,752.45 ON 18 AUG CPM Funds Transfer 18/08 MATTHEW COLE -£456.02 £59,882.45 /2025 SCREEN FT Debit 18/08 DART CHARGE AUTO T -£6.00 £60,338.47 /2025 ON 17 AUG BDC Debit 18/08 SQ *THE CURIOUS RA -£24.00 £60,344.47 /2025 ON 17 AUG CPM Debit 18/08 OLD SWAN HOTEL -£223.46 £60,368.47 /2025 ON 16 AUG CPM Debit 18/08 NORTH YORKSHIRE CO -£5.80 £60,591.93 /2025 ON 17 AUG CPM Debit 18/08 LIDL GB PICKERING -£17.15 £60,597.73 /2025 ON 16 AUG CPM Debit 18/08 Fortune Inn -£65.00 £60,614.88 /2025 ON 17 AUG CPM Debit 18/08 Dollies Sweet Shop -£6.70 £60,679.88 /2025 ON 17 AUG CPM Counter Credit 18/08 BCARD1741779160825 BGC £300.00 £60,686.58 /2025 BCARD1741779160825 B GC Counter Credit 18/08 BCARD1741779170825 BGC £3,578.00 £60,386.58 /2025 BCARD1741779170825 B GC Funds Transfer 18/08 BRITISH CAR AUCTIO -£1,740.80 £56,808.58 /2025 EN1258797 FT Debit 18/08 ZETTLE_*CAPPLEMANS -£3.80 £58,549.38 /2025 ON 16 AUG CPM Debit 18/08 THE SHOP THAT MUST -£43.08 £58,553.18 /2025 ON 16 AUG CPM Debit 18/08 THE SHOP THAT MUST -£12.99 £58,596.26 /2025 ON 16 AUG CPM Debit 18/08 The Bay Horse Inn -£4.80 £58,609.25 /2025 ON 16 AUG CPM Debit 18/08 SQ *THE POTIONS CA -£16.99 £58,614.05 /2025 ON 16 AUG CPM Debit 18/08 Q PARK THE SHAMBLE -£7.40 £58,631.04 /2025 ON 16 AUG CPM Debit 18/08 POTTER HILL FISH S",,20.80,-20.80,58638.44
BANK STATEMENT 2 - 01.06.25 TO 31.08.25.pdf,20-25-19 30470120,Groceries,08 MCDONALDS 1769,"-£26.95 £58,659.24 /2025 ON 16 AUG CPM Debit 18/08 CO-OP GROUP FOOD -£7.05 £58,686.19 /2025 ON 16 AUG CPM Funds Transfer 18/08 BRITISH CAR AUCTIO -£1,119.80 £58,693.24 /2025 EN1258714 FT Funds Transfer 18/08 BRITISH CAR AUCTIO -£460.80 £59,813.04 /2025 BB3414193 FT Counter Credit 18/08 Georgia Adams £80.00 £60,273.84 /2025 GEORGIA ADAMS FORD BG C Contactless Card Purchase 18/08 YSS TYRES -£80.00 £60,193.84 /2025 ON 15 AUG CLP Debit 18/08 THE OLD SWAN HOTEL -£336.10 £60,273.84 /2025 ON 14 AUG BDC Debit 18/08 ZETTLE_*SONIA S SM -£18.00 £60,609.94 /2025 ON 15 AUG CPM Debit 18/08 ZETTLE_*LOOBYLOU S -£9.35 £60,627.94 /2025 ON 15 AUG CPM Debit 18/08 VILLETTE COFFEE HO -£2.05 £60,637.29 /2025 ON 15 AUG CPM Debit 18/08 SP WAVE OF NOSTALG -£7.99 £60,639.34 /2025 ON 15 AUG CPM Debit 18/08 MRS BEIGHTONS SWEE -£8.60 £60,647.33 /2025 ON 15 AUG CPM Debit 18/08 COBBLES & CLAY -£8.90 £60,655.93 /2025 ON 15 AUG CPM Debit 18/08 COBBLES & CLAY -£3.50 £60,664.83 /2025 ON 15 AUG CPM Counter Credit 15/08 ZUTO CARS £4,189.00 £60,668.33 /2025 AO16NKX BGC Contactless Card Purchase 15/08 SHELL EPPING 21 -£14.80 £56,479.33 /2025 ON 14 AUG CLP Debit 15/08 WANSFORD -£1.20 £56,494.13 /2025 ON 14 AUG CPM Debit 15/08 OLD SWAN HOTEL -£15.75 £56,495.33 /2025 ON 14 AUG CPM Debit 15/08 Green Smart Valeti -£20.00 £56,511.08 /2025 ON 14 AUG CPM Debit 15/08 EPPING HIGH ROAD -£67.74 £56,531.08 /2025 ON 14 AUG CPM Debit 15/08 EPPING GREGGS -£4.95 £56,598.82 /2025 ON 14 AUG CPM Debit 15/08 BURGER KING - DONC -£17.08 £56,603.77 /2025 ON 14 AUG CPM Debit 15/08 BP ABBEY F/STN -£20.01 £56,620.85 /2025 ON 13 AUG CPM Debit 15/08 BP ABBEY F/STN -£5.70 £56,640.86 /2025 ON 13 AUG CPM Funds Transfer 15/08 REDCORN LTD -£600.00 £56,646.56 /2025 CAR FT Counter Credit 15/08 BCARD1741779140825 BGC £350.00 £57,246.56 /2025 BCARD1741779140825 B GC Direct Debit 15/08 AUTO TRADER -£1,577.93 £56,896.56 /2025 715389 FIRST DDR PAYME NT DDR Funds Transfer 15/08 TROISI A £1,650.00 £58,474.49 /2025 LP12 JPF FT Funds Transfer 14/08 BRITISH CAR AUCTIO -£1,498.80 £56,824.49 /2025 EN1258235 FT Debit 14/08 RING STANDARD PLAN -£7.99 £58,323.29 /2025 ON 14 AUG BDC Debit 14/08 NFU MUTUAL INSURAN -£531.27 £58,331.28 /2025 ON 13 AUG BDC Debit 14/08 eBay O*02-13457-09 -£16.19 £58,862.55 /2025 ON 13 AUG BDC Debit 14/08 MCDONALDS -£45.65 £58,878.74 /2025 ON 13 AUG CPM Debit 14/08 DISABILITYID.CO.UK -£28.50 £58,924.39 /2025 ON 13 AUG CPM Debit 14/08 CO-OP GROUP 610132 -£4.00 £58,952.89 /2025 ON 13 AUG CPM Counter Credit 14/08 BCARD1741779130825 BGC £4,600.00 £58,956.89 /2025 BCARD1741779130825 B GC Counter Credit 14/08 O Pryde £3,450.00 £54,356.89 /2025 FM16 CYW BGC Debit 13/08 eBay O*12-13437-58 -£37.98 £50,906.89 /2025 ON 12 AUG BDC Debit 13/08 eBay O*12-13437-58 -£13.70 £50,944.87 /2025 ON 12 AUG BDC Debit 13/08 eBay O*08-13442-46 -£9.17 £50,958.57 /2025 ON 12 AUG BDC Debit 13/08 MILLER & CARTER -£120.05 £50,967.74 /2025 ON 12 AUG CPM Debit 13/08 Hotel at Booking.c -£504.33 £51,087.79 /2025 ON 12 AUG CPM Funds Transfer 12/08 R BURROWS -£289.00 £51,592.12 /2025 REFUND DEPOSIT FT Funds Transfer 12/08 G SCHILLACI J S MO -£1,202.92 £51,881.12 /2025 MOTS FT Debit 12/08 NAPA AUTO PARTS - -£429.78 £53,084.04 /2025 ON 11 AUG BDC Debit 12/08 Amazon.co.uk*RF2JR -£29.48 £53,513.82 /2025 ON 11 AUG BDC Debit 12/08 TESCO STORES 2469 -£18.83 £53,543.30 /2025 ON 11 AUG CPM Debit 12/08 The Horseshoes Cou -£42.80 £53,562.13 /2025 ON 11 AUG CPM Counter Credit 12/08 BCARD1741779110825 BGC £2,319.00 £53,604.93 /2025 BCARD1741779110825 B GC Funds Transfer 12/08 URBAN AUTO",,446.16,-446.16,51285.93
BANK STATEMENT 2 - 01.06.25 TO 31.08.25.pdf,20-25-19 30470120,Transfer,25 INVOICE 31,"FT Funds Transfer 11/08 REDCORN LTD -£3,345.00 £51,732.09 /2025 CARS FT Debit 11/08 The Horseshoes Cou -£35.45 £55,077.09 /2025 ON 10 AUG CPM Debit 11/08 MARKS&SPENCER PLC -£50.13 £55,112.54 /2025 ON 10 AUG CPM Debit 11/08 COSTA EPPING -£4.70 £55,162.67 /2025 ON 10 AUG CPM Debit 11/08 BOOTS,0787 -£10.59 £55,167.37 /2025 ON 10 AUG CPM Counter Credit 11/08 BCARD1741779080825 BGC £1,800.00 £55,177.96 /2025 BCARD1741779080825 B GC Counter Credit 11/08 BCARD1741779100825 BGC £2,189.00 £53,377.96 /2025 BCARD1741779100825 B GC Counter Credit 11/08 BCARD1741779090825 BGC £578.00 £51,188.96 /2025 BCARD1741779090825 B GC Direct Debit 11/08 BARCLAYCARD -£237.90 £50,610.96 /2025 BCD01741779310725 DDR Direct Debit 11/08 O2 -£44.71 £50,848.86 /2025 D23337317 DDR Credit 11/08 eBay O*15-13350-25 £21.47 £50,893.57 /2025 ON 23 JUL BDC Debit 11/08 eBay O*20-13413-75 -£10.74 £50,872.10 /2025 ON 09 AUG BDC Debit 11/08 Dunelm SoftFurnish -£214.00 £50,882.84 /2025 ON 09 AUG CPM Contactless Card Purchase 11/08 SHELL EPPING 21 -£20.75 £51,096.84 /2025 ON 07 AUG CLP Contactless Card Purchase 11/08 SHELL EPPING 21 -£10.62 £51,117.59 /2025 ON 07 AUG CLP Debit 11/08 PAYPAL *UBER EATS -£44.69 £51,128.21 /2025 ON 07 AUG BDC Debit 11/08 PAYPAL *UBER EATS -£16.97 £51,172.90 /2025 ON 06 AUG BDC Debit 11/08 SHELL HALFMOON 457 -£94.33 £51,189.87 /2025 ON 08 AUG CPM Debit 11/08 MFG FEERING -£10.00 £51,284.20 /2025 ON 08 AUG CPM Debit 11/08 M&C IPSWICH -£115.85 £51,294.20 /2025 ON 08 AUG CPM Debit 11/08 K AND S FUELS LIMI -£5.28 £51,410.05 /2025 ON 08 AUG CPM Debit 11/08 FELIXSTOWE FERRY G -£42.99 £51,415.33 /2025 ON 08 AUG CPM Debit 11/08 FELIXSTOWE FERRY G -£21.65 £51,458.32 /2025 ON 08 AUG CPM Debit 11/08 FELIXSTOWE FERRY G -£5.00 £51,479.97 /2025 ON 08 AUG CPM Debit 11/08 FELIXSTOWE FERRY G -£2.50 £51,484.97 /2025 ON 08 AUG CPM Debit 11/08 Dunelm F0185 -£94.00 £51,487.47 /2025 ON 08 AUG CPM Debit 11/08 BP ABBEY F/STN -£14.82 £51,581.47 /2025 ON 07 AUG CPM Funds Transfer 11/08 URBAN AUTO -£397.60 £51,596.29 /2025 INVOICE WEEK 30 FT Funds Transfer 11/08 BRITISH CAR AUCTIO -£1,423.80 £51,993.89 /2025 EN1257093 FT Funds Transfer 11/08 BRITISH CAR AUCTIO -£1,958.80 £53,417.69 /2025 EN1257007 FT Funds Transfer 11/08 BRITISH CAR AUCTIO -£2,112.80 £55,376.49 /2025 EN1256803 FT Contactless Card Purchase 08/08 LEONARD BROOKS(HAR -£72.60 £57,489.29 /2025 ON 07 AUG CLP Debit 08/08 AMAZON* RF5DC0L54 -£14.99 £57,561.89 /2025 ON 07 AUG BDC Debit 08/08 eBay O*15-13413-62 -£10.62 £57,576.88 /2025 ON 07 AUG BDC Debit 08/08 The Horseshoes Cou -£47.86 £57,587.50 /2025 ON 07 AUG CPM Debit 08/08 River Palace Cafe -£1.60 £57,635.36 /2025 ON 07 AUG CPM Funds Transfer 07/08 RONALD DANCE -£6,640.00 £57,636.96 /2025 LG15AXH SOR FT Funds Transfer 07/08 REDCORN LTD -£1,360.00 £64,276.96 /2025 CARS FT Counter Credit 07/08 L Hardingham £2,500.00 £65,636.96 /2025 LG14LDO BGC Debit 07/08 STOCKVALE CATERING -£39.16 £63,136.96 /2025 ON 06 AUG CPM Debit 07/08 STOCKVALE CATERING -£10.20 £63,176.12 /2025 ON 06 AUG CPM Debit 07/08 SEALIFE ADVENTURE -£60.00 £63,186.32 /2025 ON 06 AUG CPM Debit 07/08 NEW YORK NEW YORK -£10.00 £63,246.32 /2025 ON 06 AUG CPM Debit 07/08 BEACHES CAFE BAR B -£6.50 £63,256.32 /2025 ON 06 AUG CPM Debit 07/08 ADVENTURE ISLAND -£20.00 £63,262.82 /2025 ON 06 AUG CPM Debit 07/08 ADVENTURE ISLAND -£16.00 £63,282.82 /2025 ON 06 AUG CPM Debit 07/08 ADVENTURE ISLAND -£8.00 £63,298.82 /2025 ON 06 AUG CPM Counter Credit 07/08 BCARD1741779060825 BGC £7,689.00 £63,306.82 /2025 BCARD1741779060825 B GC Counter Credit 06/08 NIGHTINGALE OL £2,700.00 £55,617.82 /2025 J9WXO BGC Debit 06/08 /2025 YSS TYRES -£105.00 £52,917.82 ON 05 AUG BDC Debit 06/08 TFL BUSINESS BOPS -£12.50 £53,022.82 /2025 ON 04 AUG BDC Debit 06/08 eBay O*19-13399-50 -£69.99 £53,035.32 /2025 ON 05 AUG BDC Debit 06/08 THE FIVE PARISHES -£50.00 £53,105.31 /2025 ON 05 AUG CPM Debit 06/08 IC CAFE -£26.50 £53,155.31 /2025 ON 05 AUG CPM Direct Debit 06/08 EBAY COMMERCE UK L -£29.98 £53,181.81 /2025 MRN22318562092 DDR Funds Transfer 05/08 TROISI A £1,375.00 £53,211.79 /2025 YB12 TKC FT Counter Credit 05/08 OLIVIA COTTENHAM £3,800.00 £51,836.79 /2025 reg BGC Contactless Card Purchase 05/08 SHELL EPPING 21 -£10.39 £48,036.79 /2025 ON 04 AUG CLP Contactless Card Purchase 05/08 CO-OP GROUP 610132 -£8.50 £48,047.18 /2025 ON 04 AUG CLP Debit 05/08 NAPA AUTO PARTS - -£444.04 £48,055.68 /2025 ON 04 AUG BDC Debit 05/08 AMZNMktplace*RV1SW -£20.49 £48,499.72 /2025 ON 04 AUG BDC Debit 05/08 AMZNMktplace*RV0YC -£7.99 £48,520.21 /2025 ON 04 AUG BDC Debit 05/08 eBay O*14-13400-33 -£31.88 £48,528.20 /2025 ON 04 AUG BDC Debit 05/08 IC CAFE -£32.80 £48,560.08 /2025 ON 04 AUG CPM Counter Credit 05/08 BCARD1741779040825 BGC £289.00 £48,592.88 /2025 BCARD1741779040825 B GC Funds Transfer 04/08 BRITISH CAR AUCTIO -£1,473.80 £48,303.88 /2025 EN1256062 FT Funds Transfer 04/08 REDCORN LTD -£2,088.00 £49,777.68 /2025 CARS FT Counter Credit 04/08 F AND I ONLINE LTD £2,989.00 £51,865.68 /2025 YM65WJD BGC Debit 04/08 AMAZON* RV27U4XR4 -£17.48 £48,876.68 /2025 ON 02 AUG BDC Debit 04/08 eBay O*17-13392-28 -£5.38 £48,894.16 /2025 ON 03 AUG BDC Debit 04/08 eBay O*02-13412-75 -£6.98 £48,899.54 /2025 ON 03 AUG BDC Debit 04/08 eBay O*01-13413-48 -£18.90 £48,906.52 /2025 ON 03 AUG BDC Debit 04/08 The Merry Fiddlers -£60.90 £48,925.42 /2025 ON 03 AUG CPM Debit 04/08 SP CASTORE.COM -£358.05 £48,986.32 /2025 ON 02 AUG CPM Counter Credit 04/08 BCARD1741779030825 BGC £3,361.00 £49,344.37 /2025 BCARD1741779030825 B GC Counter Credit 04/08 BCARD1741779010825 BGC £2,489.00 £45,983.37 /2025 BCARD1741779010825 B GC Counter Credit 04/08 BCARD1741779020825 BGC £189.00 £43,494.37 /2025 BCARD1741779020825 B GC Funds Transfer 04/08 STUART BUNKER -£100.00 £43,305.37 /2025 FOOD FT Funds Transfer 04/08 /2025 BRITISH CAR AUCTIO -£1,576.80 £43,405.37 EN1255867 FT Debit 04/08 THE CHEQUERS (MATC -£108.00 £44,982.17 /2025 ON 02 AUG CPM Debit 04/08 KASPAS -£27.85 £45,090.17 /2025 ON 02 AUG CPM Contactless Card Purchase 04/08 BP ABBEY F/STN -£18.78 £45,118.02 /2025 ON 31 JUL CLP Debit 04/08 PAYPAL *ALTAF NAZI -£130.00 £45,136.80 /2025 ON 01 AUG BDC Debit 04/08 AMZNMktplace*RV7P3 -£26.99 £45,266.80 /2025 ON 01 AUG BDC Debit 04/08 AMZNMktplace*RV14P -£7.59 £45,293.79 /2025 ON 02 AUG BDC Debit 04/08 A M P Electronics",,906.40,-906.40,45301.38
BANK STATEMENT 2 - 01.06.25 TO 31.08.25.pdf,20-25-19 30470120,Transfer,08 MCDONALDS 992,"-£37.83 £46,207.78 /2025 ON 01 AUG CPM Credit Payment 04/08 CHARGES -£8.50 £46,245.61 /2025 COMMISSION FOR PERIOD 13JUN/13JUL ********** ************ Counter Credit 01/08 ZUTO CARS £4,000.00 £46,254.11 /2025 LO65PVP BGC Counter Credit 01/08 Sophie Weston £3,089.00 £42,254.11 /2025 Pending payment de BG C Debit 01/08 eBay O*23-13371-71 -£14.95 £39,165.11 /2025 ON 31 JUL BDC Debit 01/08 Tanishq -£70.00 £39,180.06 /2025 ON 31 JUL CPM Debit 01/08 Tanishq -£22.00 £39,250.06 /2025 ON 31 JUL CPM Debit 01/08 BARRACUDAS -£58.00 £39,272.06 /2025 ON 31 JUL CPM Standing Order 01/08 /2025 FOREST CARS FEE STO Debit 31/07 APPLE.COM/BILL -£29.99 £39,501.39 /2025 IRELAND ON 30 JUL CPM Contactless Card Purchase 31/07 BP ABBEY F/STN -£12.23 £39,531.38 /2025 ON 29 JUL CLP Debit 31/07 TOOT HILL GOLF CLU -£106.50 £39,543.61 /2025 ON 30 JUL BDC Debit 31/07 Toot Hill Golf Sho -£4.00 £39,650.11 /2025 ON 30 JUL CPM Debit 31/07 SHELL HALFMOON 457 -£78.42 £39,654.11 /2025 ON 30 JUL CPM Counter Credit 31/07 BCARD1741779300725 BGC £2,700.00 £39,732.53 /2025 BCARD1741779300725 B GC Funds Transfer 30/07 CROWN CARS -£930.00 £37,032.53 /2025 INVOICE FT Debit 30/07 WWW.AMAZON.* RJ32N -£18.09 £37,962.53 /2025 ON 29 JUL BDC Debit 30/07 Prime Video*RJ6BL2 -£2.99 £37,980.62 /2025 ON 29 JUL BDC Debit 30/07 AMAZON* RJ7FL7BN4 -£30.98 £37,983.61 /2025 ON 29 JUL BDC Debit 30/07 eBay O*13-13377-01 -£32.99 £38,014.59 /2025 ON 29 JUL BDC Debit 30/07 eBay O*13-13376-71 -£50.00 £38,047.58 /2025 ON 29 JUL BDC Debit 30/07 eBay O*10-13380-40 -£16.99 £38,097.58 /2025 ON 29 JUL BDC Debit 30/07 Master Barista -£16.80 £38,114.57 /2025 ON 29 JUL CPM Counter Credit 30/07 BCARD1741779290725 BGC £489.00 £38,131.37 /2025 BCARD1741779290725 B GC Funds Transfer 30/07 CHRISTY DANCE",,1040.00,-1040.00,37642.37
BANK STATEMENT 2 - 01.06.25 TO 31.08.25.pdf,20-25-19 30470120,Income,07 203698 9327,"2893 -£1,040.00 £38,682.37 /2025 WAGES FT Funds Transfer 30/07 O PRYDE -£1,040.00 £39,722.37 /2025 WAGES FT Debit 29/07 AMAZON* RJ29E5T54 -£31.88 £40,762.37 /2025 ON 27 JUL BDC Debit 29/07 eBay O*16-13369-20 -£30.40 £40,794.25 /2025 ON 28 JUL BDC Debit 29/07 amazon.co.uk*RJ85J -£55.38 £40,824.65 /2025 ON 28 JUL BDC Counter Credit 29/07 BCARD1741779280725 BGC £7,000.00 £40,880.03 /2025 BCARD1741779280725 B GC Funds Transfer 29/07 URBAN AUTO",,993.36,-993.36,33880.03
BANK STATEMENT 2 - 01.06.25 TO 31.08.25.pdf,20-25-19 30470120,Transfer,25 INVOICE 28,FT Funds Transfer 29/07 URBAN AUTO,,476.50,-476.50,34873.39
BANK STATEMENT 2 - 01.06.25 TO 31.08.25.pdf,20-25-19 30470120,Transfer,25 INVOICE 26,"FT Funds Transfer 28/07 REDCORN LTD -£4,135.00 £35,349.89 /2025 CARS FT Counter Credit 28/07 MARIA DANDU",1911.00,,1911.00,39484.89
BANK STATEMENT 2 - 01.06.25 TO 31.08.25.pdf,20-25-19 30470120,Transfer,25 Peugeot 3008,"BGC Debit 28/07 PAYPAL *UBERTRIP -£29.31 £37,573.89 /2025 ON 26 JUL BDC Debit 28/07 Amazon.co.uk*RJ2UF -£4.99 £37,603.20 /2025 ON 27 JUL BDC Debit 28/07 eBay O*11-13369-94 -£27.49 £37,608.19 /2025 ON 27 JUL BDC Debit 28/07 amazon.co.uk*RJ4SG -£157.16 £37,635.68 /2025 ON 27 JUL BDC Debit 28/07 GREGGS -£17.75 £37,792.84 /2025 ON 27 JUL CPM Debit 28/07 Cinnamon -£55.46 £37,810.59 /2025 ON 27 JUL CPM Counter Credit 28/07 BCARD1741779260725 BGC £1,900.00 £37,866.05 /2025 BCARD1741779260725 B GC Counter Credit 28/07 BCARD1741779250725 BGC £289.00 £35,966.05 /2025 BCARD1741779250725 B GC Contactless Card Purchase 28/07 SHELL EPPING 21 -£10.43 £35,677.05 /2025 ON 26 JUL CLP Debit 28/07 PAYPAL *UBER EATS -£22.74 £35,687.48 /2025 ON 25 JUL BDC Credit 28/07 RING MONTHLY PLAN £3.49 £35,710.22 /2025 ON 24 JUL BDC Credit 28/07 RING MONTHLY PLAN £1.05 £35,706.73 /2025 ON 24 JUL BDC Credit 28/07 RING BASIC PLAN £4.99 £35,705.68 /2025 ON 24 JUL BDC Credit 28/07 RING BASIC PLAN £4.99 £35,700.69 /2025 ON 24 JUL BDC Credit 28/07 RING BASIC PLAN £4.99 £35,695.70 /2025 ON 24 JUL BDC Credit 28/07 RING BASIC PLAN £4.99 £35,690.71 /2025 ON 24 JUL BDC 28/07 Debit -£50.51 £35,685.72 /2025 PAYPAL *UBER EATS ON 24 JUL BDC Debit 28/07 AMZNMktplace*RS11P -£9.99 £35,736.23 /2025 ON 25 JUL BDC Debit 28/07 Toot Hill GC Coffe -£11.50 £35,746.22 /2025 ON 25 JUL CPM Debit 28/07 Toot Hill Golf Sho -£4.50 £35,757.72 /2025 ON 25 JUL CPM Debit 28/07 Tanishq -£14.40 £35,762.22 /2025 ON 25 JUL CPM Debit 28/07 HOME BARGAINS -£66.93 £35,776.62 /2025 ON 25 JUL CPM Debit 28/07 BP ABBEY F/STN -£104.86 £35,843.55 /2025 ON 24 JUL CPM Funds Transfer 25/07 SANDRA HART -£200.00 £35,948.41 /2025 GEARBOX REPAIR FT Debit 25/07 WWW.AMAZON.* RS6RQ -£9.99 £36,148.41 /2025 ON 24 JUL BDC Debit 25/07 PAYPAL *UBERTRIP -£4.99 £36,158.40 /2025 ON 24 JUL BDC Debit 25/07 AMAZON* RS58O9SL4 -£75.62 £36,163.39 /2025 ON 24 JUL BDC Debit 25/07 eBay O*26-13338-79 -£49.99 £36,239.01 /2025 ON 24 JUL BDC Debit 25/07 WALTHAM ABBEY GOLF -£16.00 £36,289.00 /2025 ON 24 JUL CPM Debit 25/07 RELIANCE PHARMACY -£8.55 £36,305.00 /2025 ON 24 JUL CPM Debit 25/07 NYX*RefreshmentSys -£1.60 £36,313.55 /2025 ON 24 JUL CPM 25/07 Debit -£1.20 £36,315.15 /2025 NYX*RefreshmentSys ON 24 JUL CPM Counter Credit 25/07 BCARD1741779240725 BGC £289.00 £36,316.35 /2025 BCARD1741779240725 B GC Funds Transfer 24/07 TROISI A £1,300.00 £36,027.35 /2025 VE11 JYU FT Contactless Card Purchase 24/07 SHELL EPPING 21 -£15.39 £34,727.35 /2025 ON 23 JUL CLP Contactless Card Purchase 24/07 SHELL EPPING 21 -£9.72 £34,742.74 /2025 ON 23 JUL CLP Debit 24/07 PAYPAL *Oliverpryd -£90.00 £34,752.46 /2025 ON 23 JUL BDC Debit 24/07 eBay O*20-13343-70 -£15.99 £34,842.46 /2025 ON 23 JUL BDC Debit 24/07 eBay O*15-13350-25 -£21.47 £34,858.45 /2025 ON 23 JUL BDC Debit 24/07 eBay O*15-13350-25 -£16.17 £34,879.92 /2025 ON 23 JUL BDC Funds Transfer 24/07 WARRANTY SOLUTIONS -£432.00 £34,896.09 /2025 INVOICE FT Funds Transfer 24/07 WARRANTY SOLUTIONS -£946.80 £35,328.09 /2025 INVOICE FT Funds Transfer 24/07 WARRANTY SOLUTIONS -£432.00 £36,274.89 /2025 INVOICE FT Funds Transfer 23/07 BRITISH CAR AUCTIO -£1,751.80 £36,706.89 /2025 EN1253683 FT Funds Transfer 23/07 BRITISH CAR AUCTIO -£877.80 £38,458.69 /2025 EN1253587 FT Debit 23/07 eBay O*27-13329-82 -£28.95 £39,336.49 /2025 ON 22 JUL BDC Debit 23/07 SMYTHS TOYS HARLOW",,54.97,-54.97,39365.44
BANK STATEMENT 2 - 01.06.25 TO 31.08.25.pdf,20-25-19 30470120,Transfer,07 MCDONALDS 602,"-£4.19 £39,441.67 /2025 ON 22 JUL CPM Debit 23/07 GREGGS PLC -£13.05 £39,445.86 /2025 ON 22 JUL CPM Debit 23/07 CAR PARKING -£3.50 £39,458.91 /2025 ON 22 JUL CPM Counter Credit 23/07 BCARD1741779220725 BGC £489.00 £39,462.41 /2025 BCARD1741779220725 B GC Funds Transfer 23/07 G SCHILLACI J S MO -£1,465.71 £38,973.41 /2025 MOTS FT Funds Transfer 23/07 JULIE GOULDING -£289.00 £40,439.12 /2025 DEPOSIT REFUNDALFA FT Direct Debit 23/07 EBAY COMMERCE UK L -£29.98 £40,728.12 /2025 MRN22318562092 DDR Direct Debit 23/07 EBAY COMMERCE UK L -£35.97 £40,758.10 /2025 MRN22318562092 DDR Funds Transfer 22/07 BRITISH CAR AUCTIO -£1,883.80 £40,794.07 /2025 EN1253412 FT Funds Transfer 22/07 BRITISH CAR AUCTIO -£1,192.00 £42,677.87 /2025 EN1253410 FT Funds Transfer 22/07 ISAAC JAGUS -£2,426.00 £43,869.87 /2025 GL16OHF REFUND FT Debit 22/07 PAYPAL *Oliverpryd -£30.00 £46,295.87 /2025 ON 21 JUL BDC Debit 22/07 PAYPAL *alesandro. -£150.00 £46,325.87 /2025 ON 21 JUL BDC Debit 22/07 PAYPAL *alesandro. -£24.00 £46,475.87 /2025 ON 21 JUL BDC Funds Transfer 22/07 COURT J+P £2,789.00 £46,499.87 /2025 LX14TZU FT Funds Transfer 21/07 REDCORN LTD -£640.00 £43,710.87 /2025 CAR FT Funds Transfer 21/07 URBAN AUTO",,487.20,-487.20,44350.87
BANK STATEMENT 2 - 01.06.25 TO 31.08.25.pdf,20-25-19 30470120,Transfer,25 INVOICE 28,"FT Debit 21/07 PAYPAL *APPLE.COM/ -£8.99 £44,838.07 /2025 ON 19 JUL BDC Debit 21/07 THE GOLF SHOP -£27.00 £44,847.06 /2025 ON 20 JUL CPM Debit 21/07 NAZEING GOLF CLUB -£39.00 £44,874.06 /2025 ON 20 JUL CPM Debit 21/07 NAZEING GOLF CLUB -£15.90 £44,913.06 /2025 ON 20 JUL CPM Debit 21/07 Louie Sandwich Bar -£34.20 £44,928.96 /2025 ON 20 JUL CPM Counter Credit 21/07 BCARD1741779190725 BGC £2,850.00 £44,963.16 /2025 BCARD1741779190725 B GC Counter Credit 21/07 BCARD1741779200725 BGC £3,867.00 £42,113.16 /2025 BCARD1741779200725 B GC Counter Credit 21/07 BCARD1741779180725 BGC £3,689.00 £38,246.16 /2025 BCARD1741779180725 B GC Direct Debit 21/07 TAKEPAYMENTS LTD -£30.00 £34,557.16 /2025 TPAY309245 0053221 DD R Funds Transfer 21/07 CROWN CARS -£1,418.00 £34,587.16 /2025 INVOICE FT 21/07 Funds Transfer -£191.10 £36,005.16 /2025 MATTHEW COLE SCREEN FT Debit 21/07 PAYPAL *MICROSOFT -£10.49 £36,196.26 /2025 ON 19 JUL BDC Debit 21/07 PAYPAL *BETFAIRLTD -£70.24 £36,206.75 /2025 ON 18 JUL BDC Funds Transfer 21/07 URBAN AUTO",,1836.78,-1836.78,36276.99
BANK STATEMENT 2 - 01.06.25 TO 31.08.25.pdf,20-25-19 30470120,Bills,25 INVOICE 27,"FT Counter Credit 21/07 L Beale £390.00 £38,113.77 /2025 EO09 GJK BGC Funds Transfer 21/07 BRITISH CAR AUCTIO -£2,393.80 £37,723.77 /2025 EN1252789 FT Contactless Card Purchase 21/07 SHELL EPPING 21 -£9.80 £40,117.57 /2025 ON 18 JUL CLP Debit 21/07 PAYPAL *courtneyfr -£370.00 £40,127.37 /2025 ON 18 JUL BDC Debit 21/07 AMZNMktplace*RY0S2 -£15.99 £40,497.37 /2025 ON 19 JUL BDC Debit 21/07 eBay O*04-13344-09 -£19.99 £40,513.36 /2025 ON 18 JUL BDC Debit 21/07 TESCO STORES 2469 -£40.59 £40,533.35 /2025 ON 18 JUL CPM Debit 21/07 Poppys Grill -£9.80 £40,573.94 /2025 ON 18 JUL CPM Debit 21/07 HOBBS CROSS GOLF C -£11.70 £40,583.74 /2025 ON 18 JUL CPM Debit 21/07 HOBBS CROSS GOLF C -£0.50 £40,595.44 /2025 ON 18 JUL CPM Counter Credit 18/07 GOULDING JA £289.00 £40,595.94 /2025 white Alfa mito BGC 18/07 Debit -£49.99 £40,306.94 /2025 PUFF DAD E VAPING ON 17 JUL CPM Debit 18/07 NAZEING GOLF CLUB -£30.00 £40,356.93 /2025 ON 17 JUL CPM Debit 18/07 NAZEING GOLF CLUB -£9.60 £40,386.93 /2025 ON 17 JUL CPM Debit 18/07 NAZEING GOLF CLUB -£6.45 £40,396.53 /2025 ON 17 JUL CPM Debit 18/07 NAZEING GOLF CLUB -£1.50 £40,402.98 /2025 ON 17 JUL CPM Debit 18/07 MCDONALDS -£8.98 £40,404.48 /2025 ON 17 JUL CPM Debit 17/07 CAR SPARES FACTORS -£789.45 £40,413.46 /2025 ON 16 JUL BDC Debit 17/07 eBay O*26-13307-64 -£85.49 £41,202.91 /2025 ON 16 JUL BDC Debit 17/07 SUBWAY59950 -£10.37 £41,288.40 /2025 ON 16 JUL CPM Debit 17/07 Cinnamon -£84.75 £41,298.77 /2025 ON 16 JUL CPM Debit 17/07 AUTO TRADER -£38.34 £41,383.52 /2025 ON 16 JUL CPM Debit 17/07 AUTO TRADER -£38.34 £41,421.86 /2025 ON 16 JUL CPM Debit 17/07 AUTO TRADER -£29.94 £41,460.20 /2025 ON 16 JUL CPM Debit 17/07 AUTO TRADER -£29.94 £41,490.14 /2025 ON 16 JUL CPM Debit 17/07 AUTO TRADER -£29.94 £41,520.08 /2025 ON 16 JUL CPM 17/07 Debit -£29.94 £41,550.02 /2025 AUTO TRADER ON 16 JUL CPM Debit 17/07 AUTO TRADER -£29.94 £41,579.96 /2025 ON 16 JUL CPM Debit 17/07 AUTO TRADER -£29.94 £41,609.90 /2025 ON 16 JUL CPM Debit 17/07 AUTO TRADER -£29.94 £41,639.84 /2025 ON 16 JUL CPM Debit 17/07 AUTO TRADER -£22.74 £41,669.78 /2025 ON 16 JUL CPM Counter Credit 17/07 BCARD1741779160725 BGC £3,650.00 £41,692.52 /2025 BCARD1741779160725 B GC Funds Transfer 17/07 BRITISH CAR AUCTIO -£2,008.80 £38,042.52 /2025 EN1252036 FT Funds Transfer 16/07 JACK QUELCH -£1,650.00 £40,051.32 /2025 HEATING SYSTEM FT Debit SIR_BARLEY_KEF_MOB 16/07 GREECE AMOUNT IN EUR 5 -£5.26 £41,701.32 /2025 .90 ON 14 JUL VISA 1.1 5321 FINAL GBP AMOUNT INCLUDES NON- STERLING TRANS FEE £0.14 Debit KOKKOLIS TAXIDIA A 16/07 GREECE AMOUNT IN EUR 4 -£37.42 £41,706.58 /2025 2.00 ON 14 JUL VISA 1. 15321 FINAL GBP AMOUNT INCLUDES NON- STERLING TRANS FEE £1.00 Debit KOKKOLIS TAXIDIA A 16/07 GREECE AMOUNT IN EUR 3 -£27.62 £41,744.00 /2025 1.00 ON 14 JUL VISA 1. 15321 FINAL GBP AMOUNT INCLUDES NON- STERLING TRANS FEE £0.74 Debit KOKKOLIS TAXIDIA A 16/07 GREECE AMOUNT IN EUR 9 -£8.01 £41,771.62 /2025 .00 ON 14 JUL VISA 1.1 5321 FINAL GBP AMOUNT INCLUDES NON- STERLING TRANS FEE £0.21 Debit AVITHOS RESORT HOT 16/07 GREECE AMOUNT IN EUR 5 -£476.68 £41,779.63 /2025 35.00 ON 14 JUL VISA 1 .15321 FINAL GBP AMOUN T INCLUDES NON- STERLIN G TRANS FEE £12.76 Counter Credit 16/07 TOTAL WASTE MANAGE £190.00 £42,256.31 /2025 TWMSB172102 BGC Contactless Card Purchase 16/07 FARM TYRE SERVICES -£80.00 £42,066.31 /2025 ON 15 JUL CLP Debit 16/07 SW MOTOR FACTORS L -£559.04 £42,146.31 /2025 ON 15 JUL BDC Debit 16/07 AMAZON* RY18T7CB4 -£13.99 £42,705.35 /2025 ON 15 JUL BDC Debit 16/07 AMAZON* RY05N5OV4 -£9.99 £42,719.34 /2025 ON 15 JUL BDC Debit 16/07 eBay O*24-13320-24 -£39.91 £42,729.33 /2025 ON 15 JUL BDC Debit 16/07 eBay O*10-13324-57 -£69.59 £42,769.24 /2025 ON 15 JUL BDC Debit 16/07 SUBWAY59950 -£17.37 £42,838.83 /2025 ON 15 JUL CPM Debit 16/07 POST OFFICE COUNTE -£10.00 £42,856.20 /2025 ON 15 JUL CPM Funds Transfer 16/07 PATRICIA QUINN -£340.56 £42,866.20 /2025 VALET BAY WAT FT Funds Transfer 16/07 PATRICIA QUINN -£771.85 £43,206.76 /2025 ELECTRIC FT Debit WATER SPORTS ANTIS 15/07 GREECE AMOUNT IN EUR 5 -£49.00",43978.61,,43978.61,5.00
BANK STATEMENT 2 - 01.06.25 TO 31.08.25.pdf,20-25-19 30470120,Bills,31 Debit 15,"/07 WATER SPORTS ANTIS /2025 GREECE AMOUNT IN EUR 2 -£17.82 £44,027.61 0.00 ON 12 JUL VISA 1. 15321 FINAL GBP AMOUNT INCLUDES NON- STERLING TRANS FEE £0.48 Debit V-KTR SERVICES E.E 15/07 GREECE AMOUNT IN EUR 1 -£126.92 £44,045.43 /2025 42.45 ON 12 JUL VISA 1 .15321 FINAL GBP AMOUN T INCLUDES NON- STERLIN G TRANS FEE £3.40 Debit SPATHIS ANGELOS 15/07 GREECE AMOUNT IN EUR 2 -£23.43 £44,172.35 /2025 6.40 ON 11 JUL VISA 1. 15795 FINAL GBP AMOUNT INCLUDES NON- STERLING TRANS FEE £0.63 Debit SHELL THEODOROS GA 15/07 GREECE AMOUNT IN EUR 5 -£44.37 £44,195.78 /2025 0.00 ON 11 JUL VISA 1. 15795 FINAL GBP AMOUNT INCLUDES NON- STERLING TRANS FEE £1.19 Debit MARKATOU MARIA 15/07 GREECE AMOUNT IN EUR 5 -£49.54 £44,240.15 /2025 5.60 ON 14 JUL VISA 1. 15321 FINAL GBP AMOUNT INCLUDES NON- STERLING TRANS FEE £1.33 Debit DUTY FREE SHOPS 15/07 GREECE AMOUNT IN EUR 2 -£24.15 £44,289.69 /2025 7.10 ON 14 JUL VISA 1. 15321 FINAL GBP AMOUNT INCLUDES NON- STERLING TRANS FEE £0.65 Debit DUTY FREE SHOPS 15/07 GREECE AMOUNT IN EUR 1 -£15.60",44313.84,,44313.84,7.50
BANK STATEMENT 2 - 01.06.25 TO 31.08.25.pdf,20-25-19 30470120,Cash,42 Credit 15,"/07 PAYPAL *charlesgda £40.00 £44,329.44 /2025 ON 14 JUL BDC Contactless Card Purchase 15/07 ERK PART WORN TYRE -£70.00 £44,289.44 /2025 ON 14 JUL CLP Debit 15/07 MCDONALDS1355 -£12.38 £44,359.44 /2025 ON 15 JUL CPM Debit TOXOTIS 14/07 GREECE AMOUNT IN EUR 4 -£39.65 £44,371.82 /2025 4.50 ON 13 JUL VISA 1. 15321 FINAL GBP AMOUNT INCLUDES NON- STERLING TRANS FEE £1.06 Debit PEFANIS DIMITRIOS 14/07 GREECE AMOUNT IN EUR 3 -£30.63 £44,411.47 /2025 4.50 ON 10 JUL VISA 1. 15746 FINAL GBP AMOUNT INCLUDES NON- STERLING TRANS FEE £0.82 Debit LAGOUDERA 2 14/07 GREECE AMOUNT IN EUR 1 -£10.92 £44,442.10 /2025 2.30 ON 10 JUL VISA 1. 15746 FINAL GBP AMOUNT INCLUDES NON- STERLING TRANS FEE £0.29 Cash Withdrawal 14/07 POST OFFICE -£50.93 £44,453.02 /2025 121 UPSHIRE ROAD 14JUL 11.54 ATM Contactless Card Purchase 14/07 SHELL EPPING 21 -£9.96 £44,503.95 /2025 ON 12 JUL CLP Debit 14/07 WWW.AMAZON.* R777A -£159.99 £44,513.91 /2025 ON 08 JUL BDC Debit 14/07 RING STANDARD PLAN -£7.99 £44,673.90 /2025 ON 14 JUL BDC Debit 14/07 AMZNMktplace*R78R8 -£20.00 £44,681.89 /2025 ON 13 JUL BDC Debit 14/07 Amazon.co.uk*R76XE -£40.81 £44,701.89 /2025 ON 13 JUL BDC Counter Credit 14/07 BCARD1741779110725 BGC £2,625.00 £44,742.70 /2025 BCARD1741779110725 B GC Counter Credit 14/07 BCARD1741779120725 BGC £389.00 £42,117.70 /2025 BCARD1741779120725 B GC Direct Debit 14/07 O2 -£44.71 £41,728.70 /2025 D23337317 DDR Debit MELISSANI 14/07 GREECE AMOUNT IN EUR 3 -£2.67 £41,773.41 /2025 .00 ON 12 JUL VISA 1.1 5321 FINAL GBP AMOUNT INCLUDES NON- STERLING TRANS FEE £0.07 Debit KIPRIOTIS SAVVAS 14/07 GREECE AMOUNT IN EUR 2 -£188.65 £41,776.08 /2025 12.60 ON 11 JUL VISA 1 .15795 FINAL GBP AMOUN T INCLUDES NON- STERLIN G TRANS FEE £5.05 Debit KALOGEROPOULOS DIM 14/07 GREECE AMOUNT IN EUR 1 -£89.09",41964.73,,41964.73,00.00
BANK STATEMENT 2 - 01.06.25 TO 31.08.25.pdf,20-25-19 30470120,Transfer,38 Credit 14,"/07 AUTO TRADER £59.59 £42,053.82 /2025 ON 11 JUL CRM Credit 14/07 AUTO TRADER £31.47 £41,994.23 /2025 ON 11 JUL CRM Credit 14/07 AUTO TRADER £27.39 £41,962.76 /2025 ON 11 JUL CRM Credit 14/07 AUTO TRADER £25.10 £41,935.37 /2025 ON 11 JUL CRM Credit 14/07 AUTO TRADER £25.10 £41,910.27 /2025 ON 11 JUL CRM Credit 14/07 AUTO TRADER £21.39 £41,885.17 /2025 ON 11 JUL CRM Credit 14/07 AUTO TRADER £21.39 £41,863.78 /2025 ON 11 JUL CRM Credit 14/07 AUTO TRADER £21.18 £41,842.39 /2025 ON 11 JUL CRM Credit 14/07 AUTO TRADER £20.55 £41,821.21 /2025 ON 11 JUL CRM Credit 14/07 AUTO TRADER £20.54 £41,800.66 /2025 ON 11 JUL CRM Credit 14/07 AUTO TRADER £20.54 £41,780.12 /2025 ON 11 JUL CRM Credit 14/07 AUTO TRADER £20.54 £41,759.58 /2025 ON 11 JUL CRM Credit 14/07 AUTO TRADER £16.43 £41,739.04 /2025 ON 11 JUL CRM Credit 14/07 AUTO TRADER £16.43 £41,722.61 /2025 ON 11 JUL CRM Credit 14/07 AUTO TRADER £16.04 £41,706.18 /2025 ON 11 JUL CRM Credit 14/07 AUTO TRADER £16.04 £41,690.14 /2025 ON 11 JUL CRM Credit 14/07 AUTO TRADER £15.98 £41,674.10 /2025 ON 11 JUL CRM Credit 14/07 AUTO TRADER £12.83 £41,658.12 /2025 ON 11 JUL CRM Credit 14/07 AUTO TRADER £12.83 £41,645.29 /2025 ON 11 JUL CRM Credit 14/07 AUTO TRADER £12.48 £41,632.46 /2025 ON 11 JUL CRM Credit 14/07 AUTO TRADER £12.48 £41,619.98 /2025 ON 11 JUL CRM Credit 14/07 AUTO TRADER £12.48 £41,607.50 /2025 ON 11 JUL CRM Credit 14/07 AUTO TRADER £12.48 £41,595.02 /2025 ON 11 JUL CRM Credit 14/07 AUTO TRADER £12.48 £41,582.54 /2025 ON 11 JUL CRM Credit 14/07 AUTO TRADER £10.69 £41,570.06 /2025 ON 11 JUL CRM 14/07 Credit £8.55 £41,559.37 /2025 AUTO TRADER ON 11 JUL CRM Credit 14/07 AUTO TRADER £8.55 £41,550.82 /2025 ON 11 JUL CRM Credit 14/07 AUTO TRADER £8.55 £41,542.27 /2025 ON 11 JUL CRM Credit 14/07 AUTO TRADER £8.55 £41,533.72 /2025 ON 11 JUL CRM Credit 14/07 AUTO TRADER £8.22 £41,525.17 /2025 ON 11 JUL CRM Credit 14/07 AUTO TRADER £7.09 £41,516.95 /2025 ON 11 JUL CRM Credit 14/07 AUTO TRADER £5.48 £41,509.86 /2025 ON 11 JUL CRM Credit 14/07 AUTO TRADER £2.74 £41,504.38 /2025 ON 11 JUL CRM Credit 14/07 AUTO TRADER £2.14 £41,501.64 /2025 ON 11 JUL CRM Credit 14/07 AUTO TRADER £2.14 £41,499.50 /2025 ON 11 JUL CRM Credit 14/07 AUTO TRADER £2.14 £41,497.36 /2025 ON 11 JUL CRM Debit TOXOTIS 14/07 GREECE AMOUNT IN EUR 5 -£44.73 £41,495.22 /2025 0.40 ON 11 JUL VISA 1. 15795 FINAL GBP AMOUNT INCLUDES NON- STERLING TRANS FEE £1.20 Debit NEFELI GARDEN 14/07 GREECE AMOUNT IN EUR 1 -£106.08 £41,539.95 /2025 19.50 ON 10 JUL VISA 1 .15746 FINAL GBP AMOUN T INCLUDES NON- STERLIN G TRANS FEE £2.84 Debit KOKKOLIS TRAVEL SA 14/07 GREECE AMOUNT IN EUR 1 -£106.53 £41,646.03 /2025 20.00 ON 10 JUL VISA 1 .15746 FINAL GBP AMOUN T INCLUDES NON- STERLIN G TRANS FEE £2.85 Funds Transfer 14/07 URBAN AUTO",,2227.93,-2227.93,41752.56
BANK STATEMENT 2 - 01.06.25 TO 31.08.25.pdf,20-25-19 30470120,Transfer,25 INVOICE 25,"FT Debit 14/07 UBER *TRIP -£22.28 £43,980.49 /2025 ON 11 JUL BDC Funds Transfer 11/07 BRITISH CAR AUCTIO -£1,373.80 £44,002.77 /2025 EN1251011 FT Debit 11/07 AMAZON* RC31D9RM4 -£15.00 £45,376.57 /2025 ON 09 JUL BDC Counter Credit 11/07 BCARD1741779100725 BGC £5,300.00 £45,391.57 /2025 BCARD1741779100725 B GC Debit 10/07 APPLE.COM/BILL -£6.99 £40,091.57 /2025 IRELAND ON 10 JUL CPM Funds Transfer 10/07 BRITISH CAR AUCTIO -£1,498.80 £40,098.56 /2025 EN1250753 FT Debit 10/07 K AND S FUELS LIMI -£6.28 £41,597.36 /2025 ON 09 JUL CPM Debit 10/07 JET2.COM ON- -£4.00 £41,603.64 /2025 ON 09 JUL CPM Debit 10/07 AUTO TRADER -£38.34 £41,607.64 /2025 ON 09 JUL CPM Debit 10/07 AUTO TRADER -£29.94 £41,645.98 /2025 ON 09 JUL CPM Direct Debit 10/07 HMRC E VAT -£5,401.62 £41,675.92 /2025 0000166352 DDR Direct Debit 10/07 BARCLAYCARD -£215.20 £47,077.54 /2025 BCD01741779300625 DDR Funds Transfer 09/07 SACHA CHARLES BERR -£2,989.00 £47,292.74 /2025 REFUND AD09UBG FT Contactless Card Purchase 09/07 SHELL EPPING 21 -£10.99 £50,281.74 /2025 ON 08 JUL CLP Debit 09/07 PAYPAL *UBER EATS -£79.05 £50,292.73 /2025 ON 06 JUL BDC Debit 09/07 PAYPAL *UBER EATS -£20.57 £50,371.78 /2025 ON 07 JUL BDC Debit 09/07 PAYPAL *Oliverpryd -£90.00 £50,392.35 /2025 ON 08 JUL BDC Debit 09/07 PAYPAL *jennyoji28 -£65.00 £50,482.35 /2025 ON 08 JUL BDC Debit 09/07 London and Essex A -£141.60 £50,547.35 /2025 ON 08 JUL BDC Debit 09/07 HP - BOX OFFICE TI -£107.20 £50,688.95 /2025 ON 08 JUL BDC Debit 09/07 eBay O*12-13293-46 -£26.30 £50,796.15 /2025 ON 08 JUL BDC Debit 09/07 Toot Hill GC Coffe -£13.50 £50,822.45 /2025 ON 08 JUL CPM Debit 09/07 Toot Hill Golf Sho -£7.00 £50,835.95 /2025 ON 08 JUL CPM Debit 09/07 SHELL HALFMOON 457 -£70.08 £50,842.95 /2025 ON 08 JUL CPM Debit 09/07 PUFF DAD E VAPING -£30.00 £50,913.03 /2025 ON 08 JUL CPM Debit 09/07 MCDONALDS -£36.53 £50,943.03 /2025 ON 08 JUL CPM Debit 09/07 AUTO TRADER -£38.34 £50,979.56 /2025 ON 08 JUL CPM Debit 09/07 AUTO TRADER -£38.34 £51,017.90 /2025 ON 08 JUL CPM Debit 09/07 AUTO TRADER -£29.94 £51,056.24 /2025 ON 09 JUL CPM Counter Credit 09/07 BCARD1741779080725 BGC £5,078.00 £51,086.18 /2025 BCARD1741779080725 B GC Funds Transfer 09/07 R L OLIVER -£2,400.00 £46,008.18 /2025 REFUND HY60OKD FT Debit 08/07 TOTAL CAR CHECK -£150.00 £48,408.18 /2025 ON 07 JUL BDC Debit 08/07 TOOT HILL GOLF CLU -£106.50 £48,558.18 /2025 ON 07 JUL BDC Debit 08/07 SW MOTOR FACTORS L -£112.40 £48,664.68 /2025 ON 07 JUL BDC Debit 08/07 STANSTED AIRPORT -£155.00 £48,777.08 /2025 ON 07 JUL BDC Debit 08/07 AMZNMktplace*RC7VU -£17.98 £48,932.08 /2025 ON 08 JUL BDC Debit 08/07 AMZNMktplace*RC5QC -£9.99 £48,950.06 /2025 ON 07 JUL BDC Debit 08/07 SHELL EPPING 21 -£15.50 £48,960.05 /2025 ON 07 JUL CPM Debit 08/07 NANDOS.CO.UK -£35.90 £48,975.55 /2025 ON 07 JUL CPM Debit 08/07 NANDOS.CO.UK -£2.00 £49,011.45 /2025 ON 07 JUL CPM Funds Transfer 07/07 BRITISH CAR AUCTIO -£1,423.80 £49,013.45 /2025 EN1250001 FT Funds Transfer 07/07 REDCORN LTD -£1,680.00 £50,437.25 /2025 CARS FT Debit 07/07 /2025 RING BASIC PLAN -£4.99 £52,117.25 ON 06 JUL BDC Debit 07/07 AMZNMktplace*RC5XD -£8.49 £52,122.24 /2025 ON 06 JUL BDC Debit 07/07 GO OUTDOORS -£47.00 £52,130.73 /2025 ON 06 JUL CPM Debit 07/07 AUTO TRADER -£58.74 £52,177.73 /2025 ON 06 JUL CPM Debit 07/07 AUTO TRADER -£39.54 £52,236.47 /2025 ON 06 JUL CPM Debit 07/07 AUTO TRADER -£38.34 £52,276.01 /2025 ON 06 JUL CPM Debit 07/07 AUTO TRADER -£38.34 £52,314.35 /2025 ON 06 JUL CPM Debit 07/07 AUTO TRADER -£38.34 £52,352.69 /2025 ON 06 JUL CPM Debit 07/07 AUTO TRADER -£29.94 £52,391.03 /2025 ON 06 JUL CPM Debit 07/07 AUTO TRADER -£29.94 £52,420.97 /2025 ON 06 JUL CPM Debit 07/07 AUTO TRADER -£13.14 £52,450.91 /2025 ON 06 JUL CPM Counter Credit 07/07 BCARD1741779060725 BGC £3,489.00 £52,464.05 /2025 BCARD1741779060725 B GC Counter Credit 07/07 BCARD1741779050725 BGC £489.00 £48,975.05 /2025 BCARD1741779050725 B GC Funds Transfer 07/07 MATTHEW COLE -£342.34 £48,486.05 /2025 SCREEN FT Debit 07/07 AMZNMktplace*RG815 -£28.99 £48,828.39 /2025 ON 05 JUL BDC Funds Transfer 07/07 STUART BUNKER -£231.00 £48,857.38 /2025 FOOD FT Funds Transfer 07/07 G SCHILLACI J S MO -£285.56 £49,088.38 /2025 MOTS FT Funds Transfer 07/07 G SCHILLACI J S MO -£555.00 £49,373.94 /2025 MOTS FT Funds Transfer 07/07 CROWN CARS -£1,359.00 £49,928.94 /2025 INVOICE FT Funds Transfer 07/07 BRITISH CAR AUCTIO -£1,423.80 £51,287.94 /2025 EN1249692 FT Funds Transfer 07/07 BRITISH CAR AUCTIO -£1,473.80 £52,711.74 /2025 EN1249574 FT Debit 07/07 AMZNMktplace*RG73Y -£6.99 £54,185.54 /2025 ON 04 JUL BDC Debit 07/07 eBay O*16-13272-64 -£123.99 £54,192.53 /2025 ON 04 JUL BDC Debit 07/07 eBay O*12-13277-57 -£44.99 £54,316.52 /2025 ON 04 JUL BDC Debit 07/07 eBay O*01-13292-92 -£145.99 £54,361.51 /2025 ON 04 JUL BDC Debit 07/07 SUMUP *FRIENDS OF -£3.50 £54,507.50 /2025 ON 04 JUL CPM Debit 07/07 AUTO TRADER -£38.34 £54,511.00 /2025 ON 04 JUL CPM Debit 07/07 AUTO TRADER -£29.94 £54,549.34 /2025 ON 04 JUL CPM Debit 07/07 AUTO TRADER -£29.94 £54,579.28 /2025 ON 04 JUL CPM Debit 07/07 AUTO TRADER -£29.94 £54,609.22 /2025 ON 04 JUL CPM 07/07 Debit -£29.94 £54,639.16 /2025 AUTO TRADER ON 04 JUL CPM Debit 07/07 AUTO TRADER -£29.94 £54,669.10 /2025 ON 04 JUL CPM Credit Payment 07/07 CHARGES -£8.50 £54,699.04 /2025 COMMISSION FOR PERIOD 13MAY/12JUN ********** ************ Debit 04/07 PAYPAL *UBERPAYMEN -£37.96 £54,707.54 /2025 NETHERLANDS ON 03 JUL BDC Debit Wok To Go Oude Doe 04/07 NETHERLANDS AMOUNT IN",,15.37,-15.37,54745.50
BANK STATEMENT 2 - 01.06.25 TO 31.08.25.pdf,20-25-19 30470120,Other,25 EUR 17,25 EUR,17.25,,17.25,1.15
BANK STATEMENT 2 - 01.06.25 TO 31.08.25.pdf,20-25-19 30470120,Bills,41 Debit 04,"/07 Fashion Shop West -£674.20 £54,760.87 /2025 NETHERLANDS ON 03 JUL CPM Debit 04/07 PAYPAL *SMINTDESIG -£170.00 £55,435.07 /2025 ON 02 JUL BDC Debit 04/07 eBay O*18-13268-47 -£113.12 £55,605.07 /2025 ON 04 JUL BDC Debit 04/07 eBay O*17-13268-74 -£12.99 £55,718.19 /2025 ON 03 JUL BDC Debit 04/07 TESCO STORES 2469 -£79.41 £55,731.18 /2025 ON 03 JUL CPM Debit 04/07 ELECTRIC AVENUE -£10.00 £55,810.59 /2025 ON 03 JUL CPM Debit 04/07 AUTO TRADER -£47.94 £55,820.59 /2025 ON 03 JUL CPM Debit 04/07 AUTO TRADER -£38.34 £55,868.53 /2025 ON 03 JUL CPM Debit 04/07 AUTO TRADER -£38.34 £55,906.87 /2025 ON 03 JUL CPM Debit 04/07 AUTO TRADER -£29.94 £55,945.21 /2025 ON 03 JUL CPM Debit 04/07 AUTO TRADER -£29.94 £55,975.15 /2025 ON 03 JUL CPM Counter Credit 04/07 BCARD1741779030725 BGC £578.00 £56,005.09 /2025 BCARD1741779030725 B GC Funds Transfer 04/07 KEELEY SPENCER -£680.00 £55,427.09 /2025 BOOKS FT Standing Order 04/07 /2025 FOREST CARS FEE STO Cash Withdrawal GEA AMSTERDAM 03/07 NETHERLANDS AMOUNT IN",,224.87,-224.87,56278.42
BANK STATEMENT 2 - 01.06.25 TO 31.08.25.pdf,20-25-19 30470120,Other,25 EUR 254,.50 ON 02 JUL V ISA 1.162889 FINAL GBP AMOUNT INCLUDES NON- S TERLING TRANS FEE £6.0 2 Debit ZETTLE_*AMSTERDAM 03/07 NETHERLANDS AMOUNT IN,,24.05,-24.05,56503.29
BANK STATEMENT 2 - 01.06.25 TO 31.08.25.pdf,20-25-19 30470120,Other,25 EUR 27,25 EUR,27.22,,27.22,1.16
BANK STATEMENT 2 - 01.06.25 TO 31.08.25.pdf,20-25-19 30470120,Other,64 Debit 03,"/07 RADISSON BLU HOTEL -£40.23 £56,527.34 /2025 NETHERLANDS ON 02 JUL CPM Debit Red Light Bar B.V. 03/07 NETHERLANDS AMOUNT IN",,21.21,-21.21,56567.57
BANK STATEMENT 2 - 01.06.25 TO 31.08.25.pdf,20-25-19 30470120,Other,25 EUR 24,.00 ON 02 JUL VI SA 1.162889 FINAL GBP AMOUNT INCLUDES NON- ST ERLING TRANS FEE £0.57 Debit MARIAM ANTONIO 03/07 NETHERLANDS AMOUNT IN,,22.97,-22.97,56588.78
BANK STATEMENT 2 - 01.06.25 TO 31.08.25.pdf,20-25-19 30470120,Other,25 EUR 26,.00 ON 02 JUL VI SA 1.162889 FINAL GBP AMOUNT INCLUDES NON- ST ERLING TRANS FEE £0.61 Debit Cafe Old Sailor B 03/07 NETHERLANDS AMOUNT IN,,21.21,-21.21,56611.75
BANK STATEMENT 2 - 01.06.25 TO 31.08.25.pdf,20-25-19 30470120,Other,25 EUR 24,".00 ON 02 JUL VI SA 1.162889 FINAL GBP AMOUNT INCLUDES NON- ST ERLING TRANS FEE £0.57 Contactless Card Purchase 03/07 SHELL EPPING 21 -£15.19 £56,632.96 /2025 ON 02 JUL CLP Debit 03/07 AMAZON* CJ54F73Y5 -£44.21 £56,648.15 /2025 ON 02 JUL BDC Debit 03/07 eBay O*15-13265-75",,63.00,-63.00,56692.36
BANK STATEMENT 2 - 01.06.25 TO 31.08.25.pdf,20-25-19 30470120,Transfer,07 MCDONALDS 859,"-£3.58 £56,763.85 /2025 ON 02 JUL CPM Debit 03/07 JUSTPARK -£13.74 £56,767.43 /2025 ON 02 JUL CPM Debit 03/07 CO-OP GROUP 610132 -£19.94 £56,781.17 /2025 ON 02 JUL CPM Debit 03/07 AUTO TRADER -£29.94 £56,801.11 /2025 ON 02 JUL CPM Debit 03/07 ARGOS LTD -£8.00 £56,831.05 /2025 ON 02 JUL CPM Funds Transfer 03/07 SATNAV REPAIRS -£100.00 £56,839.05 /2025 208 SCREEN FOREST FT Funds Transfer 03/07 ALTAF NAZIR -£260.00 £56,939.05 /2025 MAP FT Counter Credit 03/07 BCARD1741779020725 BGC £2,875.00 £57,199.05 /2025 BCARD1741779020725 B GC Contactless Card Purchase 02/07 SHELL EPPING 21 -£12.45 £54,324.05 /2025 ON 01 JUL CLP Debit 02/07 PAYPAL *UBER EATS -£29.04 £54,336.50 /2025 ON 30 JUN BDC 02/07 Debit -£40.00 £54,365.54 /2025 PAYPAL *charlesgda ON 01 JUL BDC Debit 02/07 eBay O*19-13258-67 -£8.99 £54,405.54 /2025 ON 01 JUL BDC Debit 02/07 eBay O*12-13266-87 -£23.99 £54,414.53 /2025 ON 01 JUL BDC Debit 02/07 POST OFFICE COUNTE -£10.95 £54,438.52 /2025 ON 01 JUL CPM Debit 02/07 AUTO TRADER -£29.94 £54,449.47 /2025 ON 01 JUL CPM Debit 02/07 AUTO TRADER -£29.94 £54,479.41 /2025 ON 01 JUL CPM Debit 02/07 AUTO TRADER -£29.94 £54,509.35 /2025 ON 01 JUL CPM Debit 02/07 AUTO TRADER -£29.94 £54,539.29 /2025 ON 01 JUL CPM Funds Transfer 02/07 URBAN AUTO",,982.39,-982.39,54569.23
BANK STATEMENT 2 - 01.06.25 TO 31.08.25.pdf,20-25-19 30470120,Groceries,25 INVOICE 24,"FT Direct Debit 02/07 EBAY COMMERCE UK L -£29.98 £55,551.62 /2025 MRN22318562092 DDR Debit 01/07 SW MOTOR FACTORS L -£396.57 £55,581.60 /2025 ON 30 JUN BDC Debit 01/07 LEONARD BROOKS(HAR -£15.00 £55,978.17 /2025 ON 30 JUN BDC Debit 01/07 AMZNMktplace*6K2LV -£80.98 £55,993.17 /2025 ON 30 JUN BDC Debit 01/07 AMZNMktplace*CJ0UO -£5.64 £56,074.15 /2025 ON 01 JUL BDC Debit 01/07 eBay O*18-13255-84 -£19.78 £56,079.79 /2025 ON 30 JUN BDC 01/07 Debit -£14.54 £56,099.57 /2025 eBay O*18-13255-84 ON 30 JUN BDC Debit 01/07 eBay O*16-13256-51 -£98.97 £56,114.11 /2025 ON 30 JUN BDC Debit 01/07 eBay O*08-13268-79 -£12.99 £56,213.08 /2025 ON 30 JUN BDC Debit 01/07 TOTAL CAR CHECK -£9.99 £56,226.07 /2025 ON 30 JUN CPM Debit 01/07 TESCO STORES 2469 -£48.86 £56,236.06 /2025 ON 30 JUN CPM Debit 01/07 AUTO TRADER -£38.34 £56,284.92 /2025 ON 30 JUN CPM Cash Withdrawal 01/07 09.2401JULLKBKB000 -£50.00 £56,323.26 /2025 SHELL EPPING HIGH ATM Funds Transfer 01/07 REDCORN LTD -£4,840.00 £56,373.26 /2025 CARS FT Funds Transfer 01/07 MANAVSKA E £289.00 £61,213.26 /2025 MA10 XFR FT Funds Transfer 01/07 BRITISH CAR AUCTIO",,2151.80,-2151.80,60924.26
